{"entities":{"pages":{"Welcome":{"id":"Welcome","title":"Welcome","url":"welcome.html","level":0,"tabIndex":0},"Changes":{"id":"Changes","title":"Changes","url":"changes.html","level":0,"tabIndex":1},"dokka :link :div:bottom":{"id":"dokka :link :div:bottom","title":"Dokka API Docs","url":"https://dokka.kordex.dev","level":0,"tabIndex":2},"About":{"id":"About","title":"About the Project","url":"about.html","level":0,"pages":["Framework-Comparison","Licensing"],"tabIndex":3},"Framework-Comparison":{"id":"Framework-Comparison","title":"Framework Comparison","url":"framework-comparison.html","level":1,"parentId":"About","tabIndex":0},"Licensing":{"id":"Licensing","title":"Licensing Information","url":"licensing.html","level":1,"parentId":"About","tabIndex":1},"Core-Documentation":{"id":"Core-Documentation","title":"Core Documentation ✏️","url":"core-documentation.html","level":0,"pages":["Getting-Started","Beginner-Tutorial","The-Bot","Data-Collection","Configuration","Extensions","Interactions","Commands","Events","Checks","Exceptions","Components","Internationalization","Utilities","Registries"],"tabIndex":4},"Getting-Started":{"id":"Getting-Started","title":"Getting Started","url":"getting-started.html","level":1,"parentId":"Core-Documentation","pages":["Manual-Setup"],"tabIndex":0},"Manual-Setup":{"id":"Manual-Setup","title":"Manual Setup","url":"manual-setup.html","level":2,"parentId":"Getting-Started","tabIndex":0},"Beginner-Tutorial":{"id":"Beginner-Tutorial","title":"Beginner Tutorial","url":"beginner-tutorial.html","level":1,"parentId":"Core-Documentation","tabIndex":1},"The-Bot":{"id":"The-Bot","title":"The Bot","url":"the-bot.html","level":1,"parentId":"Core-Documentation","tabIndex":2},"Data-Collection":{"id":"Data-Collection","title":"Data Collection","url":"data-collection.html","level":1,"parentId":"Core-Documentation","tabIndex":3},"Configuration":{"id":"Configuration","title":"Configuration","url":"configuration.html","level":1,"parentId":"Core-Documentation","pages":["Config-About","Config-Basic","Config-Cache","Config-Components","Config-Commands","Config-Data-Adapter","Config-Error-Responses","Config-Extensions","Config-Hooks","Config-Intents","Config-Internationalization","Config-Kord","Config-Members","Config-Plugins","Config-Presence","Config-Sharding"],"tabIndex":4},"Config-About":{"id":"Config-About","title":"About","url":"config-about.html","level":2,"parentId":"Configuration","tabIndex":0},"Config-Basic":{"id":"Config-Basic","title":"Basic","url":"config-basic.html","level":2,"parentId":"Configuration","tabIndex":1},"Config-Cache":{"id":"Config-Cache","title":"Cache","url":"config-cache.html","level":2,"parentId":"Configuration","tabIndex":2},"Config-Components":{"id":"Config-Components","title":"Components","url":"config-components.html","level":2,"parentId":"Configuration","tabIndex":3},"Config-Commands":{"id":"Config-Commands","title":"Commands","url":"config-commands.html","level":2,"parentId":"Configuration","tabIndex":4},"Config-Data-Adapter":{"id":"Config-Data-Adapter","title":"Data Adapter","url":"config-data-adapter.html","level":2,"parentId":"Configuration","tabIndex":5},"Config-Error-Responses":{"id":"Config-Error-Responses","title":"Error Responses","url":"config-error-responses.html","level":2,"parentId":"Configuration","tabIndex":6},"Config-Extensions":{"id":"Config-Extensions","title":"Extensions","url":"config-extensions.html","level":2,"parentId":"Configuration","tabIndex":7},"Config-Hooks":{"id":"Config-Hooks","title":"Hooks","url":"config-hooks.html","level":2,"parentId":"Configuration","tabIndex":8},"Config-Intents":{"id":"Config-Intents","title":"Intents","url":"config-intents.html","level":2,"parentId":"Configuration","tabIndex":9},"Config-Internationalization":{"id":"Config-Internationalization","title":"Internationalization (i18n)","url":"config-internationalization.html","level":2,"parentId":"Configuration","tabIndex":10},"Config-Kord":{"id":"Config-Kord","title":"Kord Customization","url":"config-kord.html","level":2,"parentId":"Configuration","tabIndex":11},"Config-Members":{"id":"Config-Members","title":"Members","url":"config-members.html","level":2,"parentId":"Configuration","tabIndex":12},"Config-Plugins":{"id":"Config-Plugins","title":"Plugins","url":"config-plugins.html","level":2,"parentId":"Configuration","tabIndex":13},"Config-Presence":{"id":"Config-Presence","title":"Presence","url":"config-presence.html","level":2,"parentId":"Configuration","tabIndex":14},"Config-Sharding":{"id":"Config-Sharding","title":"Sharding","url":"config-sharding.html","level":2,"parentId":"Configuration","tabIndex":15},"Extensions":{"id":"Extensions","title":"Extensions","url":"extensions.html","level":1,"parentId":"Core-Documentation","tabIndex":5},"Interactions":{"id":"Interactions","title":"Interactions","url":"interactions.html","level":1,"parentId":"Core-Documentation","tabIndex":6},"Commands":{"id":"Commands","title":"Commands","url":"commands.html","level":1,"parentId":"Core-Documentation","pages":["Chat-Commands","Application-Commands","Converters"],"tabIndex":7},"Chat-Commands":{"id":"Chat-Commands","title":"Chat Commands","url":"chat-commands.html","level":2,"parentId":"Commands","tabIndex":0},"Application-Commands":{"id":"Application-Commands","title":"Application Commands","url":"application-commands.html","level":2,"parentId":"Commands","pages":["Context-Commands","Slash-Commands"],"tabIndex":1},"Context-Commands":{"id":"Context-Commands","title":"Context Commands","url":"context-commands.html","level":3,"parentId":"Application-Commands","tabIndex":0},"Slash-Commands":{"id":"Slash-Commands","title":"Slash Commands","url":"slash-commands.html","level":3,"parentId":"Application-Commands","tabIndex":1},"Converters":{"id":"Converters","title":"Converters","url":"converters.html","level":2,"parentId":"Commands","pages":["Custom-Converters"],"tabIndex":2},"Custom-Converters":{"id":"Custom-Converters","title":"Custom Converters","url":"custom-converters.html","level":3,"parentId":"Converters","tabIndex":0},"Events":{"id":"Events","title":"Events","url":"events.html","level":1,"parentId":"Core-Documentation","pages":["Custom-Events","Extra-Events"],"tabIndex":8},"Custom-Events":{"id":"Custom-Events","title":"Custom Events","url":"custom-events.html","level":2,"parentId":"Events","tabIndex":0},"Extra-Events":{"id":"Extra-Events","title":"Extra Events","url":"extra-events.html","level":2,"parentId":"Events","tabIndex":1},"Checks":{"id":"Checks","title":"Checks","url":"checks.html","level":1,"parentId":"Core-Documentation","tabIndex":9},"Exceptions":{"id":"Exceptions","title":"Exceptions","url":"exceptions.html","level":1,"parentId":"Core-Documentation","tabIndex":10},"Components":{"id":"Components","title":"Components","url":"components.html","level":1,"parentId":"Core-Documentation","pages":["Message-Components","Modals"],"tabIndex":11},"Message-Components":{"id":"Message-Components","title":"Message Components","url":"message-components.html","level":2,"parentId":"Components","tabIndex":0},"Modals":{"id":"Modals","title":"Modals","url":"modals.html","level":2,"parentId":"Components","tabIndex":1},"Internationalization":{"id":"Internationalization","title":"Internationalization (i18n)","url":"internationalization.html","level":1,"parentId":"Core-Documentation","tabIndex":12},"Utilities":{"id":"Utilities","title":"Utilities ⏳","url":"utilities.html","level":1,"parentId":"Core-Documentation","pages":["Koin","Messages","Paginators","Parsers","Schedulers","Sentry"],"tabIndex":13},"Koin":{"id":"Koin","title":"Koin ⏳","url":"koin.html","level":2,"parentId":"Utilities","tabIndex":0},"Messages":{"id":"Messages","title":"Messages ⏳","url":"messages.html","level":2,"parentId":"Utilities","tabIndex":1},"Paginators":{"id":"Paginators","title":"Paginators ⏳","url":"paginators.html","level":2,"parentId":"Utilities","tabIndex":2},"Parsers":{"id":"Parsers","title":"Parsers ⏳","url":"parsers.html","level":2,"parentId":"Utilities","tabIndex":3},"Schedulers":{"id":"Schedulers","title":"Schedulers ⏳","url":"schedulers.html","level":2,"parentId":"Utilities","tabIndex":4},"Sentry":{"id":"Sentry","title":"Sentry ⏳","url":"sentry.html","level":2,"parentId":"Utilities","tabIndex":5},"Registries":{"id":"Registries","title":"Registries ⏳","url":"registries.html","level":1,"parentId":"Core-Documentation","tabIndex":14},"Data-Adapters":{"id":"Data-Adapters","title":"Data Adapters ⏳","url":"data-adapters.html","level":0,"pages":["MongoDB"],"tabIndex":5},"MongoDB":{"id":"MongoDB","title":"MongoDB ⏳","url":"mongodb.html","level":1,"parentId":"Data-Adapters","tabIndex":0},"Functional-Modules":{"id":"Functional-Modules","title":"Functional Modules ⏳","url":"functional-modules.html","level":0,"pages":["Mappings","Phishing","PluralKit"],"tabIndex":6},"Mappings":{"id":"Mappings","title":"Mappings ⏳","url":"mappings.html","level":1,"parentId":"Functional-Modules","tabIndex":0},"Phishing":{"id":"Phishing","title":"Phishing ⏳","url":"phishing.html","level":1,"parentId":"Functional-Modules","tabIndex":1},"PluralKit":{"id":"PluralKit","title":"PluralKit ⏳","url":"pluralkit.html","level":1,"parentId":"Functional-Modules","tabIndex":2},"Gradle-Plugins":{"id":"Gradle-Plugins","title":"Gradle Plugins","url":"gradle-plugins.html","level":0,"pages":["Docker-Plugin","KordEx-Plugin"],"tabIndex":7},"Docker-Plugin":{"id":"Docker-Plugin","title":"Docker Plugin","url":"docker-plugin.html","level":1,"parentId":"Gradle-Plugins","tabIndex":0},"KordEx-Plugin":{"id":"KordEx-Plugin","title":"KordEx Plugin","url":"kordex-plugin.html","level":1,"parentId":"Gradle-Plugins","tabIndex":1},"Utility-Modules":{"id":"Utility-Modules","title":"Utility Modules ⏳","url":"utility-modules.html","level":0,"pages":["Datetime-Converters","Plugin-Loader","Token-Parser","Unsafe"],"tabIndex":8},"Datetime-Converters":{"id":"Datetime-Converters","title":"Datetime Converters ⏳","url":"datetime-converters.html","level":1,"parentId":"Utility-Modules","tabIndex":0},"Plugin-Loader":{"id":"Plugin-Loader","title":"Plugin Loader ⏳","url":"plugin-loader.html","level":1,"parentId":"Utility-Modules","tabIndex":1},"Token-Parser":{"id":"Token-Parser","title":"Token Parser ⏳","url":"token-parser.html","level":1,"parentId":"Utility-Modules","tabIndex":2},"Unsafe":{"id":"Unsafe","title":"Unsafe ⏳","url":"unsafe.html","level":1,"parentId":"Utility-Modules","tabIndex":3},"Other-Libraries":{"id":"Other-Libraries","title":"Other Libraries ⏳","url":"other-libraries.html","level":0,"pages":["I18n-Generator"],"tabIndex":9},"I18n-Generator":{"id":"I18n-Generator","title":"I18n Generator ⏳","url":"i18n-generator.html","level":1,"parentId":"Other-Libraries","tabIndex":0},"Community-Projects":{"id":"Community-Projects","title":"Community Projects ⏳","url":"community-projects.html","level":0,"tabIndex":10},"discord :div:top :link":{"id":"discord :div:top :link","title":"Discord","url":"https://discord.gg/nYzQWcjAmK","level":0,"tabIndex":11},"github :link":{"id":"github :link","title":"GitHub","url":"https://github.com/Kord-Extensions/kord-extensions","level":0,"tabIndex":12},"kofi :link":{"id":"kofi :link","title":"Ko-fi","url":"https://ko-fi.com/gsc","level":0,"tabIndex":13}}},"topLevelIds":["Welcome","Changes","dokka :link :div:bottom","About","Core-Documentation","Data-Adapters","Functional-Modules","Gradle-Plugins","Utility-Modules","Other-Libraries","Community-Projects","discord :div:top :link","github :link","kofi :link"]}