{"title":"Configuration","subtitle":"Learn how to configure your bot.","tips":[{"title":"Extensions","description":"Register extensions and configure the bundled ones.","url":"config-extensions.html","type":"mixed"},{"title":"Internationalization (i18n)","description":"Configure how your bot should handle different locales and languages.","url":"config-internationalization.html","type":"world"}],"main":{"title":"Standard Options","data":[{"title":"About","description":"Configure information about your bot, to be displayed on Discord.","url":"config-about.html","type":"documents"},{"title":"Basic","description":"Basic bot configuration options.","url":"config-basic.html","type":"learn"},{"title":"Commands","description":"Configure the application and chat command frameworks.","url":"config-commands.html","type":"start"},{"title":"Error Responses","description":"Configure how errors are displayed to users on Discord.","url":"config-error-responses.html","type":"support"},{"title":"Hooks","description":"Configure blocks of code to be run at various points in the bot\u0027s lifecycle.","url":"config-hooks.html","type":"settings"},{"title":"Intents","description":"Configure which events and data Discord will provide your bot with.","url":"config-intents.html","type":"library"},{"title":"Plugins","description":"Configure the bundled plugin system.","url":"config-plugins.html","type":"development"},{"title":"Presence","description":"Configure the bot\u0027s initial presence, which is set when it connects to Discord.","url":"config-presence.html","type":"location"}]},"highlighted":{"title":"Advanced Options","data":[{"title":"Cache","description":"Configure Kord\u0027s entity caching settings.","url":"config-cache.html","type":"data"},{"title":"Components","description":"Swap out the default component registry for another implementation.","url":"config-components.html","type":"keyboard"},{"title":"Data Adapter","description":"Swap out the default data adapter for another implementation.","url":"config-data-adapter.html","type":"container"},{"title":"Kord Customization","description":"Customize the Kord instance underpinning your bot.","url":"config-kord.html","type":"offer"},{"title":"Members","description":"Configure whether and how guild members are retrieved.","url":"config-members.html","type":"account"},{"title":"Sharding","description":"Configure Kord\u0027s sharding settings.","url":"config-sharding.html","type":"tools"}]},"prevNextLinks":{"prevPageTitle":"Data Collection","nextPageUrl":"config-about.html","nextPageTitle":"About","prevPageUrl":"data-collection.html"}}